LineCode,Description,2002,2003,2004,2005,2006,2007,2008,2009,2010,2011,2012,2013,2014,2015,2016,2017,2018,2019,2020,2021,2022,2023
1,All industry total,-4.6,-2.2,2.2,6.3,5.8,0,-7.7,8.8,4.6,1.9,7.2,0.4,3.6,2.1,2.5,3.8,2.5,2.4,-2.8,6.5,2.3,1.2
2,  Private industries,-4.9,-2.2,2.3,6.8,6.4,-0.1,-8.1,9.5,4.9,2,7.8,0.3,3.7,2.3,2.6,3.9,2.7,2.4,-2.8,6.9,2.4,1.2
3,"    Agriculture, forestry, fishing and hunting",(D),(D),(D),(D),(D),(D),(D),(D),(D),(D),(D),(D),(D),(D),(D),(D),(D),(D),(D),(D),-10.4,7.5
6,"    Mining, quarrying, and oil and gas extraction",-52.6,-24.1,15.1,47.6,-31.1,20.2,32.5,-5.7,58.9,-29,-7.6,5.7,39.8,-9.3,-14.2,-15.4,-22.8,21.3,-32.8,(D),(D),-33.5
10,    Utilities,11.6,12.3,63.8,-14.3,-2.1,-18.8,12.4,-26.1,16.2,7.2,15.3,5.6,-1.3,3,0.5,38.9,38.4,10.9,33.1,-15.8,-22.4,2.2
11,    Construction,-4.9,-3.7,-13.1,2.6,-5.2,26.9,1.4,-12.1,-16.9,-8.4,-6.3,13.6,6.5,22.4,17,6,1.3,-8.9,-20.2,-1.8,-14.4,-4.4
12,    Manufacturing,-4.3,-4.5,10.1,3.7,0,12.4,-12.3,-13.3,4.7,-13.2,-15.8,-4.1,13.5,-1.7,-1.7,-0.8,-1.3,-10.1,-13.5,1.3,17.2,-3.4
13,      Durable goods manufacturing,(D),(D),(D),(D),(D),(D),(D),(D),(D),-15.2,-7.6,0,19.9,17.2,13.4,6.2,4,-10.9,-18.4,-0.1,22.8,-10.6
25,      Nondurable goods manufacturing,(D),(D),(D),(D),(D),(D),(D),(D),(D),-12.7,-17.8,-5.3,11.7,-7.4,-7.4,-4.1,-3.9,-9.6,-10.8,1.9,14.6,0.2
34,    Wholesale trade,-0.1,6.2,4,1.2,0.8,1.3,-2.6,-11,10.4,0.6,5,0.4,3.8,8.5,-1.9,1.3,-0.9,0.2,-5.3,-6.5,-2,-2.4
35,    Retail trade,3.9,5,0.3,10.8,-1.5,-0.2,2.3,-8,5.8,10.8,1.8,4.4,3.1,0.6,6.4,5,3.8,2.2,-15.8,-2.5,-5.1,11
36,    Transportation and warehousing,(D),(D),(D),(D),(D),(D),(D),(D),(D),(D),(D),(D),(D),(D),(D),(D),(D),(D),(D),(D),(D),7.5
45,    Information,14.9,-2,5.7,-1.2,2.1,16,7.2,6.9,11.5,5.4,1.8,11.7,7.6,11.4,9.7,4.4,15.5,9.9,2.5,8.3,5.8,8
50,"    Finance, insurance, real estate, rental, and leasing",-15.1,-5.9,1.1,12.6,12.3,-7.9,-25.5,40.9,3.9,0.3,15.7,-4.9,2.1,-2.2,0.5,3.1,-3.9,-1.2,3.6,7.6,0.3,-2.1
51,      Finance and insurance,-17.4,-7.8,0.6,14.8,16,-12.4,-33.1,71.3,0.7,-1.8,18.4,-7.9,2.3,-1.2,0.4,0.1,-6.2,-0.2,6.8,4.2,-0.5,-3
56,      Real estate and rental and leasing,-8.1,-0.5,2.5,6.8,1.3,7.8,-4.2,-12.5,14.3,6.8,7.5,5.6,1.4,-5.6,0.6,14.4,4,-4.4,-6.8,20.8,3,0.8
59,    Professional and business services,0.2,-1.2,-0.6,6.6,2.4,4.8,4.1,-13.2,4.3,3.5,2.4,0.9,5.4,5.6,2,5,4.9,6.2,-5,7.3,5.4,1.4
60,"      Professional, scientific, and technical services",-1.7,-2.2,-0.4,7.8,5,6,7.3,-12.5,-0.4,5.5,3,1.1,5.4,5.7,4.6,2.4,2.7,4,-1.3,10.4,4.2,2
64,      Management of companies and enterprises,14.3,-7.9,-13.6,1,-0.5,2.3,0.3,-18.2,25.8,1.3,-3,1.4,6.2,0.3,-7.5,9.2,7.5,5.9,-4.3,13.8,7.7,-1.2
65,      Administrative and support and waste management and remediation services,-5.2,12,13,6.8,-5.9,1.8,-7.7,-11.5,7.2,-4.3,5.9,-0.5,4.4,11.9,-2.2,16.2,14,16.9,-21.1,-14,10.8,0.7
68,"    Educational services, health care, and social assistance",1.9,5.3,3.7,0.8,3.3,0.5,5.5,3.4,2.1,1.4,2.2,4.2,2.7,3.3,2.7,1.8,3.6,2.5,-4.6,3.2,5.2,5.9
69,      Educational services,0.2,5.8,7,2,3.8,0.7,8,7.5,3,2.2,3.7,2.8,2.9,15,3.9,0.1,3.1,0.2,-6.3,2.8,6.1,2.8
70,      Health care and social assistance,2.6,5.1,2.3,0.3,3,0.3,4.3,1.3,1.6,0.9,1.5,4.9,2.7,-3.5,1.8,3,3.9,4.2,-3.4,3.4,4.6,8
75,"    Arts, entertainment, recreation, accommodation, and food services",-0.1,3.5,12.3,-0.1,6.5,1.7,7.1,-1.1,4.3,4.2,6.1,3.1,-0.8,-3.1,3.9,6.7,12.5,3.2,-42,29.6,11.3,4.1
76,"      Arts, entertainment, and recreation",-1.5,3.7,26.6,-0.6,13.9,5.5,13.1,8.1,-0.5,-0.3,8.2,-1.3,4.2,-7.4,6.5,9.1,7.4,1.7,-38,13,15.1,4.6
79,      Accommodation and food services,0.6,3.4,5.3,0.2,2.1,-0.9,2.8,-8.2,8.6,7.9,4.5,6.5,-4.4,0.3,2,5,16.4,4.3,-44.7,42.1,9.2,3.8
82,    Other services (except government and government enterprises),-0.9,0.8,0.6,1.8,-3.4,1.2,3.9,-7.7,-8.8,1.6,5,5.4,7.6,3.8,1.5,5.2,3.2,0.4,-11.6,-2.9,1.8,-5.2
83,Government and government enterprises,0,-2.2,1.7,-1,-2.7,1.7,-0.6,-0.5,0.1,-0.8,-2.9,2.1,1.4,-1,0,1.2,-1.6,1.2,-3.7,-1.6,-2,2.9
87,Natural resources and mining,(D),(D),(D),(D),(D),(D),(D),(D),(D),(D),(D),(D),(D),(D),(D),(D),(D),(D),(D),(D),(D),1.6
88,Trade,1.4,5.8,2.5,4.8,-0.1,0.7,-0.7,-9.9,8.7,4.4,3.8,2,3.5,5.4,1.2,2.7,0.9,1,-9.5,-5,-3.2,2.7
89,Transportation and utilities,(D),(D),(D),(D),(D),(D),(D),(D),(D),(D),(D),(D),(D),(D),(D),(D),(D),(D),(D),(D),(D),4.8
90,Manufacturing and information,12.9,-2.2,6,-0.8,1.9,15.6,5.3,5.3,11,4.2,0.8,10.9,7.8,10.8,9.2,4.2,14.9,9.2,2.1,8.1,6,7.6
91,Private goods-producing industries 2,(D),(D),(D),(D),(D),(D),(D),(D),(D),(D),(D),(D),(D),(D),(D),(D),(D),(D),(D),(D),(D),-4
92,Private services-providing industries 3,(D),(D),(D),(D),(D),(D),(D),(D),(D),(D),(D),(D),(D),(D),(D),(D),(D),(D),(D),(D),(D),1.3
